<?xml version="1.0" encoding="UTF-8"?>
<repomd xmlns="http://linux.duke.edu/metadata/repo" xmlns:rpm="http://linux.duke.edu/metadata/rpm">
 <revision>1466484490</revision>
<data type="filelists">
  <checksum type="sha256">e520958157180777e3cfbe092ed8c9eb46cd449f12124f47a95ceebd591c8f32</checksum>
  <open-checksum type="sha256">2e22a04a318fe4b5119373c94514f245120ec4bc73879560f449e2dcf0e480e9</open-checksum>
  <location href="repodata/e520958157180777e3cfbe092ed8c9eb46cd449f12124f47a95ceebd591c8f32-filelists.xml.gz"/>
  <timestamp>1466484491</timestamp>
  <size>2917</size>
  <open-size>19114</open-size>
</data>
<data type="primary">
  <checksum type="sha256">b3a22325474fe7d5c848c7b870cbd06678c152aa62164ab915234293d357793f</checksum>
  <open-checksum type="sha256">c5c1cab0a49813c7133ebed576032c7ca7a70286b334060aad30a3f3c6cd01d3</open-checksum>
  <location href="repodata/b3a22325474fe7d5c848c7b870cbd06678c152aa62164ab915234293d357793f-primary.xml.gz"/>
  <timestamp>1466484491</timestamp>
  <size>4124</size>
  <open-size>27233</open-size>
</data>
<data type="primary_db">
  <checksum type="sha256">0f9b172169a6821a6ae3392a978dccdc57154aa788f0ac00f3a99dd1731f780c</checksum>
  <open-checksum type="sha256">64f2b97f8488af4ef04c22fe1d7c4e869772430b967b15aa9477990edfba8671</open-checksum>
  <location href="repodata/0f9b172169a6821a6ae3392a978dccdc57154aa788f0ac00f3a99dd1731f780c-primary.sqlite.bz2"/>
  <timestamp>1466484491.51</timestamp>
  <database_version>10</database_version>
  <size>8816</size>
  <open-size>47104</open-size>
</data>
<data type="other_db">
  <checksum type="sha256">ff8a7985de041609c6cc86c1cffce08d8efafe34b4b080b204a7096fb6eb9bce</checksum>
  <open-checksum type="sha256">a828fbc1bfc1c7d1a1283aeee4dd6965190b946ae27aba53fbb1b251216c0b50</open-checksum>
  <location href="repodata/ff8a7985de041609c6cc86c1cffce08d8efafe34b4b080b204a7096fb6eb9bce-other.sqlite.bz2"/>
  <timestamp>1466484491.14</timestamp>
  <database_version>10</database_version>
  <size>4121</size>
  <open-size>15360</open-size>
</data>
<data type="other">
  <checksum type="sha256">4095cd0b8648ed4a691678aa321fcc36e6282d0d154d25ba82ac7c2c8073a0dc</checksum>
  <open-checksum type="sha256">1f33acc9468b3343cae8a8862eebf115d80e8945c61ec3c7ab4366a208ec79bc</open-checksum>
  <location href="repodata/4095cd0b8648ed4a691678aa321fcc36e6282d0d154d25ba82ac7c2c8073a0dc-other.xml.gz"/>
  <timestamp>1466484491</timestamp>
  <size>2215</size>
  <open-size>14679</open-size>
</data>
<data type="filelists_db">
  <checksum type="sha256">7a53b65f86f7a738f430443b7cf4ddf0339ff9f457baa487a5614b9f85ac2b0d</checksum>
  <open-checksum type="sha256">0d42efa18dea9b1414e1dcdc1f7525734367cadb79aa05b31f0609558a9636ab</open-checksum>
  <location href="repodata/7a53b65f86f7a738f430443b7cf4ddf0339ff9f457baa487a5614b9f85ac2b0d-filelists.sqlite.bz2"/>
  <timestamp>1466484491.23</timestamp>
  <database_version>10</database_version>
  <size>5549</size>
  <open-size>19456</open-size>
</data>
</repomd>
